X,Y,X,Y,id,Name,vertex_index,vertex_part,vertex_part_ring,vertex_part_index,distance,angle
205678.748355095,2667718.02744286,120.563992194387,24.114006645076,1,,0,0,0,0,0.00000000000000,326.31062851266427
205700.452456799,2667982.61077699,120.564197613717,24.1163962247587,1,,1,0,0,1,0.00239839282870,6.73618362528233
205754.195946517,2668362.9493198,120.564714694881,24.1198318760668,1,,2,0,0,2,0.00587273778008,10.73060034041304
205832.744123817,2668730.88551882,120.565476207119,24.1231562359819,1,,3,0,0,3,0.00928320251875,15.14334351090043
205936.096988704,2669086.41937404,120.566482167617,24.1263693012337,1,,4,0,0,4,0.01265006230741,17.14751550312329
206035.315738999,2669437.81911469,120.567447629513,24.1295449164175,1,,5,0,0,5,0.01596919599980,16.14038272276757
206130.400374767,2669809.8894283,120.568371837329,24.1329070478883,1,,6,0,0,6,0.01945604100828,19.17894499704072
206266.826156441,2670157.15505434,120.56970359423,24.1360463543081,1,,7,0,0,7,0.02286614676034,19.67497009325404
206366.044906697,2670520.95713876,120.570668830704,24.139333930001,1,,8,0,0,8,0.02629249107870,15.60659165055670
206440.45896943,2670822.74750425,120.571391918407,24.1420609002835,1,,9,0,0,9,0.02911370052643,15.60730946136633
206539.677719691,2671186.54958868,120.572357240829,24.145348463961,1,,10,0,0,10,0.03254005752949,16.03698111649902
206634.762355379,2671550.3516731,120.573281932138,24.148635907085,1,,11,0,0,11,0.03595507382675,15.29957455616515
206725.71287656,2671918.28787211,120.574165865502,24.1519605578828,1,,12,0,0,12,0.03939522514876,13.70366236539762
206800.126939252,2672277.95584195,120.574887365051,24.1552100944559,1,,13,0,0,13,0.04272389598548,15.41069631910235
206911.748033322,2672641.75792637,120.57597491749,24.1584979722315,1,,14,0,0,14,0.04618697417909,18.50341563250318
207023.369127369,2672997.29178159,120.577062770193,24.1617111866144,1,,15,0,0,15,0.04957934358339,18.73962215224610
207143.258450709,2673377.63032441,120.578231309291,24.1651485825776,1,,16,0,0,16,0.05320993232758,18.31615662604098
207250.745430202,2673737.29829424,120.57927846453,24.1683989948982,1,,17,0,0,17,0.05662485756080,20.23375196691162
207383.037097271,2674080.42980568,120.580570278565,24.1715007610465,1,,18,0,0,18,0.05998487790890,22.36943517964133
207515.328764253,2674431.82954631,120.581861910781,24.1746771707722,1,,19,0,0,19,0.06341385625955,22.87692729739122
207655.88866051,2674779.09517236,120.583235104066,24.1778164640981,1,,20,0,0,20,0.06684034460533,25.72371287413439
207821.253244391,2675118.0925692,120.584852742024,24.1808817547261,1,,21,0,0,21,0.07030628736246,28.77127953696904
208019.69074493,2675494.29699742,120.586794898047,24.184283857561,1,,22,0,0,22,0.07422371939361,29.66328859591497
208193.323558046,2675825.02616507,120.5884943233,24.1872746749308,1,,23,0,0,23,0.07766363723086,29.46459184054971
208362.822256398,2676151.62121813,120.590153253785,24.1902280364185,1,,24,0,0,24,0.08105102478376,25.61206443913395
208495.113923495,2676507.15507336,120.591445186736,24.1934416903424,1,,25,0,0,25,0.08451464460870,22.45396522830148
208631.53970511,2676854.42069941,120.592778114954,24.1965807867649,1,,26,0,0,26,0.08792501467436,22.76559657293482
208767.965486761,2677209.95455463,120.594110871053,24.1997945258973,1,,27,0,0,27,0.09140414646711,21.26590627551247
208887.854810041,2677565.48840987,120.595280906685,24.2030078206006,1,,28,0,0,28,0.09482383157398,21.69706284739303
209020.146477107,2677896.21757753,120.596573797561,24.2059974648393,1,,29,0,0,29,0.09808106037943,22.12862474587757
209144.169915062,2678247.61731816,120.597784765118,24.2091735196753,1,,30,0,0,30,0.10148014360045,20.33393768940427
209264.059238261,2678607.28528799,120.598954858416,24.2124241119129,1,,31,0,0,31,0.10493491829976,18.83448281157341
209371.546217767,2678966.95325782,120.600002908154,24.215674373936,1,,32,0,0,32,0.10834997488369,17.77636568446829
209479.033197283,2679330.75534224,120.601050893646,24.2189619553907,1,,33,0,0,33,0.11180054953326,17.21497585743137
209578.251947595,2679686.28919748,120.602017758345,24.2221746615409,1,,34,0,0,34,0.11515559173170,17.63534711108773
209689.873041612,2680045.9571673,120.603106665803,24.225425006489,1,,35,0,0,35,0.11858348638226,18.08212933796833
209805.6282503,2680438.6980539,120.604235409053,24.2289740671899,1,,36,0,0,36,0.12230771693137,21.43210050873357
209958.590490372,2680790.09779453,120.605731717012,24.2321507950832,1,,37,0,0,37,0.12581920345640,24.05136134639699
210090.882157456,2681129.09519137,120.607024907689,24.2352150007317,1,,38,0,0,38,0.12914511662170,22.17046266845439
210223.173824498,2681492.8972758,120.608317473855,24.2385031585786,1,,39,0,0,39,0.13267820440999,24.02815339733757
210376.136064493,2681823.62644346,120.609814560694,24.2414932087909,1,,40,0,0,40,0.13602210471908,26.93632193511351
210541.500648395,2682170.8920695,120.611433392625,24.2446328649102,1,,41,0,0,41,0.13955453410490,24.71442994283813
210673.792315467,2682522.29181014,120.612726503174,24.24780900217,1,,42,0,0,42,0.14298381723475,23.38901724943325
210822.620440826,2682873.69155077,120.614182524501,24.2509855409789,1,,43,0,0,43,0.14647815507074,28.94598089855378
211012.789712293,2683187.88426005,120.616046755002,24.2538271484818,1,,44,0,0,44,0.14987669719330,40.51845018659605
211281.507160967,2683452.46759417,120.618685964322,24.2562227474686,1,,45,0,0,45,0.15344100923674,52.05417190184736
211579.163411937,2683667.44155315,120.621611598746,24.2581710836197,1,,46,0,0,46,0.15695602709383,58.53505015278378
211905.758464953,2683865.87905374,120.624822764873,24.2599707584245,1,,47,0,0,47,0.16063711623992,62.15614601426336
212228.219403435,2684039.51186677,120.627993958388,24.2615463030761,1,,48,0,0,48,0.16417813435026,65.72366984711012
212575.485029428,2684192.4741068,120.631410063962,24.2629357382378,1,,49,0,0,49,0.16786599380588,62.14644326386598
212885.543624173,2684415.71629498,120.634457983738,24.2649587802845,1,,50,0,0,50,0.17152420567503,54.86142959786012
213166.663416671,2684643.09259774,120.637220874774,24.2670184094199,1,,51,0,0,51,0.17497031058538,53.83120737636500
213464.319667552,2684874.6030151,120.6401466211,24.2691157016355,1,,52,0,0,52,0.17857011977505,55.02190693226946
213799.182949824,2685122.64989084,120.643438513367,24.2713631069626,1,,53,0,0,53,0.18255601809294,55.92271568634894
214117.509773671,2685354.1603082,120.646568057908,24.2734607541072,1,,54,0,0,54,0.18632353353136,54.64299203186596
214406.897795369,2685589.80484016,120.649412563996,24.2755950076417,1,,55,0,0,55,0.18987969059126,53.93197022151970
214708.688160882,2685821.31525751,120.652379428715,24.2776921605713,1,,56,0,0,56,0.19351291734849,54.68672230205712
214960.869151176,2686015.61864351,120.654858643875,24.2794522020112,1,,57,0,0,57,0.19655335377801,64.09513343911306
215349.475923148,2686139.64208139,120.658683440285,24.2805806632085,1,,58,0,0,58,0.20054114668307,72.71663311924134
215676.070976219,2686255.39729007,120.661897674566,24.2816330167,1,,59,0,0,59,0.20392326878071,64.91971588223838
216010.934258524,2686482.77359284,120.665190764766,24.2836933188199,1,,60,0,0,60,0.20780776204074,59.15999290161222
216151.494154754,2686569.58999935,120.666573284702,24.2844802355264,1,,61,0,0,61,0.20939854778282,83.24224616447634
216515.296239186,2686453.83479067,120.670159591589,24.2834428905273,1,,62,0,0,62,0.21313186825315,105.74820435655054
216870.83009437,2686346.34781118,120.673664206078,24.2824799399469,1,,63,0,0,63,0.21676636911849,103.92134691245207
217209.82749129,2686263.66551926,120.677005314632,24.2817405258672,1,,64,0,0,64,0.22018831878883,101.93514639122510
217507.483742104,2686197.51968573,120.679938793717,24.2811494903747,1,,65,0,0,65,0.22318074631510,100.97886843870224
217788.603534645,2686139.6420814,120.68270917439,24.2806327127522,1,,66,0,0,66,0.22599891383719,98.70748904324302
218036.650410397,2686106.56916463,120.685153209264,24.2803391742125,1,,67,0,0,67,0.22846051318300,97.23172513606541
218259.892598557,2686073.49624786,120.687352904544,24.2800450939126,1,,68,0,0,68,0.23067977940138,95.76529552286334
218474.86655759,2686056.95978947,120.689470784295,24.2799001248845,1,,69,0,0,69,0.23280261492410,94.80723916391136
218698.108745723,2686032.15510191,120.691670282596,24.2796806367131,1,,70,0,0,70,0.23501303747079,92.79141888829891
218896.546246333,2686032.15510191,120.693624908639,24.279684588841,1,,71,0,0,71,0.23696766750913,91.02564016693341
219086.71551772,2686023.88687271,120.695498270301,24.2796136978835,1,,72,0,0,72,0.23884237000421,93.04300459428345
219301.689476707,2686007.35041432,120.697616134993,24.2794686151957,1,,73,0,0,73,0.24096519826846,91.90269088435603
219558.004581591,2686007.35041433,120.700140857582,24.2794736164984,1,,74,0,0,74,0.24348992581159,90.73382632116537
219814.319686603,2685999.08218514,120.702665754643,24.2794039209888,1,,75,0,0,75,0.24601578460192,90.73475507674698
220045.830103963,2685999.08218514,120.704946149107,24.2794083643642,1,,76,0,0,76,0.24829618339494,90.54526718119153
220376.559271562,2685990.81395595,120.708204026984,24.2793399977836,1,,77,0,0,77,0.25155477853005,90.54636476659191
220665.947293317,2685990.81395595,120.711054520139,24.2793454427918,1,,78,0,0,78,0.25440527688502,91.48094318145530
220938.798856606,2685974.27749756,120.713742463363,24.2792012177878,1,,79,0,0,79,0.25709708661616,92.49149977741718
221153.772815529,2685966.00926837,120.715860137288,24.2791305356141,1,,80,0,0,80,0.25921593980235,90.90249224349085
221377.015003723,2685966.00926837,120.718059086947,24.2791346299777,1,,81,0,0,81,0.26141489327288,93.06372687276389
221649.866567048,2685932.9363516,120.72074734561,24.2788409709864,1,,82,0,0,82,0.26411914367583,101.86601329061271
221864.840526058,2685858.52228888,120.722866306533,24.2781729509512,1,,83,0,0,83,0.26634091012605,101.96515260002442
222129.423860172,2685825.44937211,120.725473092953,24.2778790595747,1,,84,0,0,84,0.26896421102019,94.21460495263013
222336.129589973,2685817.18114293,120.727509298408,24.2778080677521,1,,85,0,0,85,0.27100165365577,91.74286392172044
222608.981153315,2685808.91291374,120.730197036123,24.2777382063765,1,,86,0,0,86,0.27369029915772,92.50247775991237
222848.759799817,2685792.37645535,120.732559160677,24.2775930696017,1,,87,0,0,87,0.27605687835444,92.64536285213303
223080.270217188,2685784.10822615,120.734839683645,24.2775224091477,1,,88,0,0,88,0.27833849574280,90.01719901199290
223344.853551326,2685792.37645535,120.737445664136,24.2776015876855,1,,89,0,0,89,0.28094567881263,86.76848856272824
223625.973343796,2685817.18114293,120.740214228274,24.2778303102888,1,,90,0,0,90,0.28372367474813,84.10564932395458
223874.020219588,2685850.25405969,120.742656884148,24.2781330865644,1,,91,0,0,91,0.28618502421326,79.22056822135509
224080.725949396,2685908.13166403,120.744691892718,24.2786591057783,1,,92,0,0,92,0.28828691766740,80.32383009498680
224353.577512714,2685932.9363516,120.747379051417,24.2788875613548,1,,93,0,0,93,0.29098377024474,92.71700133746791
224601.624388402,2685883.32697646,120.749823207807,24.2784436709484,1,,94,0,0,94,0.29346790775188,105.43827138324536
224882.744180962,2685767.57176777,120.752594272694,24.2774030299457,1,,95,0,0,95,0.29642793043785,107.17629297294197
225097.718139868,2685709.69416344,120.754712760886,24.2768838747248,1,,96,0,0,96,0.29860910314217,86.97130781505362
225287.887411266,2685784.10822616,120.756584632801,24.2775587826207,1,,97,0,0,97,0.30059892854515,72.04779945559778
225486.32491187,2685846.1199451,120.758538178642,24.2781218140927,1,,98,0,0,98,0.30263199169983,131.33621886365066
225457.386109725,2685643.54832991,120.758256592325,24.2762923075566,1,,99,0,0,99,0.30448304140732,211.41831049891871
225263.08272373,2685490.58608986,120.756345362239,24.2749081300473,1,,100,0,0,100,0.30684286085357,226.75015070680456
225134.925171225,2685321.08739144,120.755085973899,24.2733756689616,1,,101,0,0,101,0.30882641724788,213.29323967613331
225027.438191742,2685093.71108867,120.754031217128,24.2713209399383,1,,102,0,0,102,0.31113605427670,206.31695570419856
224924.085326868,2684858.06655672,120.753017356588,24.2691916141638,1,,103,0,0,103,0.31349443114416,212.21299111267109
224791.793659837,2684680.2996291,120.751717491403,24.267584403355,1,,104,0,0,104,0.31556150058762,205.47399101294923
224746.318399304,2684448.78921174,120.751273664585,24.2654933227081,1,,105,0,0,105,0.31769916298296,208.91041034598305
224523.07621111,2684213.14467978,120.749079120635,24.2633620341285,1,,106,0,0,106,0.32075831550558,228.72340596884061
224374.248085683,2684084.98712732,120.747615616087,24.2622024511507,1,,107,0,0,107,0.32262552686080,219.33547111061131
224275.029335297,2683874.14728293,120.746642205166,24.2602971153787,1,,108,0,0,108,0.32476511402268,213.29277173550960
224105.530636927,2683650.90509477,120.744976895214,24.2582786312337,1,,109,0,0,109,0.32738189362397,200.39893284583027
224101.396522305,2683464.86993796,120.744939531343,24.2565988172893,1,,110,0,0,110,0.32906212305668,170.08356643976978
224179.944699606,2683241.62774979,120.745717109696,24.254584416969,1,,111,0,0,111,0.33122139069775,186.82745385831433
224084.860063991,2683092.79962434,120.744783379625,24.2532390517081,1,,112,0,0,112,0.33285902909874,220.25302445923575
223944.300167735,2682943.97149889,120.743401829394,24.2518929259753,1,,113,0,0,113,0.33478794991857,216.70064955587756
223886.422563377,2682824.08217563,120.742834028245,24.2508094601264,1,,114,0,0,114,0.33601118186324,219.75151125505647
223716.923864901,2682679.38816477,120.741167465714,24.2495001598293,1,,115,0,0,115,0.33813054448818,231.84530674407665
223547.425166529,2682534.69415393,120.739500937352,24.2481908413406,1,,116,0,0,116,0.34024989148383,235.15281309850451
223373.792353491,2682418.93894524,120.737793196481,24.2471427284981,1,,117,0,0,117,0.34225361786545,241.04098208262852
223212.561884194,2682332.12253873,120.736207077392,24.2463561023354,1,,118,0,0,118,0.34402408517170,249.64478374870853
223018.258498203,2682278.37904899,120.734294672427,24.2458675130507,1,,119,0,0,119,0.34599791703878,224.15225531594604
222972.783237646,2682059.27097542,120.733850969894,24.2438883617928,1,,120,0,0,120,0.34802619503736,194.65234343137743
222919.039747998,2681864.96758942,120.733325395017,24.2421330325348,1,,121,0,0,121,0.34985851863222,193.16004890068621
222894.235060352,2681707.87123478,120.73308409658,24.2407141507781,1,,122,0,0,122,0.35129777204110,180.88478755259675
222919.039747934,2681509.43373419,120.733332085098,24.2389228477483,1,,123,0,0,123,0.35310615940268,167.03038358159290
222997.587925302,2681244.85040007,120.734110510875,24.2365352252015,1,,124,0,0,124,0.35561747143340,166.07708810930802
223038.929071224,2680980.26706593,120.73452254395,24.2341469591743,1,,125,0,0,125,0.35804101963212,167.42206278829832
223092.672560992,2680765.29310696,120.735055752923,24.2322068370582,1,,126,0,0,126,0.36005307967949,183.51268810375657
223014.124383616,2680558.58737717,120.734286205123,24.230339100111,1,,127,0,0,127,0.36207314035168,197.89271737626501
222960.380893942,2680314.67461603,120.733761609439,24.2281358361737,1,,128,0,0,128,0.36433799633169,185.95780603086561
222964.515008462,2680124.50534462,120.733805884383,24.2264188287102,1,,129,0,0,129,0.36605557453962,179.85259757153733
222960.380893905,2679926.06784403,120.733768905074,24.2246270229023,1,,130,0,0,130,0.36784776189664,190.76158960954197
222906.637404177,2679768.97148939,120.733242707897,24.223207639962,1,,131,0,0,131,0.36936154239605,200.85839187374151
222852.893914401,2679620.14336394,120.732716366435,24.2218629106804,1,,132,0,0,132,0.37080561032204,181.89880430613127
222914.905633348,2679405.16940497,120.733330954635,24.2199229341244,1,,133,0,0,133,0.37284061098384,180.56038132141617
222852.893914421,2679206.73190437,120.732724155895,24.2181301277936,1,,134,0,0,134,0.37473332312534,213.03271967744996
222733.004591166,2679086.8425811,120.731546068661,24.2170455444723,1,,135,0,0,135,0.37633463836985,211.24774613578168
222683.395215997,2678888.4050805,120.731061411212,24.2152529463397,1,,136,0,0,136,0.37819159849531,188.86152355090175
222675.126986769,2678698.23580909,120.73098361471,24.2135357214393,1,,137,0,0,137,0.37991058472394,165.27700698472691
222757.809278736,2678553.54179825,120.731800358801,24.2122306817819,1,,138,0,0,138,0.38145012992202,167.08374991559003
222733.004591175,2678309.6290371,120.731560772348,24.2100279073655,1,,139,0,0,139,0.38366589543262,186.49755653132027
222712.334018195,2678123.59388029,120.731360796931,24.2083477941422,1,,140,0,0,140,0.38535786783498,174.84639744525987
222770.211622494,2677916.8881505,120.731934484293,24.2064824034134,1,,141,0,0,141,0.38730948248981,172.15426797566104
222766.077507879,2677747.38945208,120.73189698747,24.2049518880505,1,,142,0,0,142,0.38884045711005,192.10143083631863
222687.529330545,2677544.81783688,120.731127567194,24.2031214582037,1,,143,0,0,143,0.39082602528687,198.59246918952789
222629.651726202,2677300.90507575,120.730562436068,24.2009181050189,1,,144,0,0,144,0.39310069854843,189.64491562150852
222608.981153253,2677044.58997081,120.73036382129,24.1986034139959,1,,145,0,0,145,0.39542389513114,190.60150851886044
222567.640007351,2676891.62773077,120.729959772992,24.1972215600305,1,,146,0,0,146,0.39686360878645,214.28770728328317
222360.934277523,2676717.99491775,120.72792833582,24.195650167882,1,,147,0,0,147,0.39943187868398,213.13887404357507
222323.727246132,2676556.76444851,120.727565175744,24.1941937241086,1,,148,0,0,148,0.40093291622698,174.64053075475718
222410.543652699,2676350.05871873,120.728423708732,24.1923288519525,1,,149,0,0,149,0.40298592062282,151.54155547268272
222505.628288403,2676184.6941349,120.729362815131,24.1908373984295,1,,150,0,0,150,0.40474840592480,149.54645860745700
222538.701205164,2676118.54830137,120.729689619865,24.1902407286766,1,,151,0,0,151,0.40542871183265,164.09875825162794
222546.969434342,2675944.91548834,120.729774308937,24.1886730982659,1,,152,0,0,152,0.40699862818183,172.43679669588670
222571.774121863,2675816.75793588,120.730020899841,24.1875163636052,1,,153,0,0,153,0.40818135475611,155.17998066978723
222650.322299216,2675705.13684179,120.730796166717,24.1865098753372,1,,154,0,0,154,0.40945181032879,167.15717020805681
222613.115267912,2675514.96757039,120.730433547822,24.1847921406377,1,,155,0,0,155,0.41120740281033,179.57575307889627
222642.054070047,2675374.40767414,120.73072105097,24.1835234920759,1,,156,0,0,156,0.41250822071985,149.82672561948607
222733.004591091,2675283.45715304,120.731617969394,24.1827038544326,1,,157,0,0,157,0.41372323863194,135.29091424640310
222844.625685251,2675147.03137137,120.732719183788,24.1814739599356,1,,158,0,0,158,0.41537409102194,144.98377954479105
222939.71032095,2674952.72798537,120.733658702079,24.1797211804964,1,,159,0,0,159,0.41736279169867,160.81364575106613
222968.649123078,2674774.96105776,120.733946857998,24.1781165723001,1,,160,0,0,160,0.41899306814694,186.33777927457203
222910.771518745,2674626.13293231,120.733380000517,24.1767717679165,1,,161,0,0,161,0.42045246056632,191.36860634703291
222910.771518727,2674456.63423389,120.733383179764,24.1752413180176,1,,162,0,0,162,0.42198291376743,171.45919260279564
222972.783237724,2674233.39204571,120.733997681875,24.1732266687623,1,,163,0,0,163,0.42408919591032,160.16279206649205
223059.599644176,2674006.01574295,120.734856363767,24.1711751128427,1,,164,0,0,164,0.42631320496694,168.58492227532454
223059.599644158,2673853.05350291,120.734859216223,24.1697939739633,1,,165,0,0,165,0.42769434679191,189.37933692294939
223009.990269023,2673695.95714828,120.734373911791,24.1683746572962,1,,166,0,0,166,0.42919434018971,183.71929479867865
223047.197300444,2673493.38553309,120.734743865802,24.1665462180087,1,,167,0,0,167,0.43105983106292,157.51814681597341
223142.281936135,2673336.28917844,120.735682553714,24.1651293744466,1,,168,0,0,168,0.43275941356330,142.26363340207828
223237.366571822,2673220.53396977,120.736620455238,24.1640858058201,1,,169,0,0,169,0.43416251539399,151.17859239345455
223282.841832372,2673042.76704216,120.73707127424,24.1624814686737,1,,170,0,0,170,0.43582898935178,145.23931324973665
223406.865270284,2672943.54829185,120.738293628481,24.1615876921951,1,,171,0,0,171,0.43734325032107,121.02922241631826
223539.156937308,2672873.26834373,120.739596803434,24.1609553415467,1,,172,0,0,172,0.43879174343520,122.80563439229880
223675.582718991,2672749.24490586,120.740941627997,24.1598377827799,1,,173,0,0,173,0.44054031162147,127.07877369995848
223774.801469242,2672674.83084313,120.741919381174,24.1591675307762,1,,174,0,0,174,0.44172573940266,117.10224246649229
223911.227250944,2672621.08735339,120.743262898539,24.1586845297034,1,,175,0,0,175,0.44315343998235,118.10643059188583
224018.714230381,2672534.27094688,120.744322219599,24.1579024144104,1,,176,0,0,176,0.44447020322635,157.97380371142265
223989.775428276,2672348.23579007,120.744040786556,24.1562221692589,1,,177,0,0,177,0.44617385469511,206.15616024810407
223869.88610499,2672207.67589381,120.742863539405,24.1549510277474,1,,178,0,0,178,0.44790639952759,225.08016798452363
223762.399125458,2672100.18891433,120.741807759946,24.1539787091188,1,,179,0,0,179,0.44934169523952,220.54764414713543
223696.253291978,2671992.70193484,120.74115880946,24.1530070737559,1,,180,0,0,180,0.45051011811347,193.62287890287939
223712.789750294,2671831.47146561,120.741324465498,24.1515515504132,1,,181,0,0,181,0.45197503794896,164.92062972374629
223795.472042262,2671624.76573583,120.74214182765,24.149686517479,1,,182,0,0,182,0.45401131610588,163.40187212918670
223824.41084438,2671434.59646442,120.742430030976,24.1479699008362,1,,183,0,0,183,0.45575195790004,175.82762549095230
223820.276729799,2671236.15896382,120.742392942683,24.1461780778698,1,,184,0,0,184,0.45754416466385,186.47404805325127
223774.801469283,2671000.51443186,120.741949743887,24.1440496132979,1,,185,0,0,185,0.45971828209557,193.75899031571396
223725.192094071,2670810.34516047,120.741465055835,24.1423316886851,1,,186,0,0,186,0.46150327158647,196.04246326564996
223671.44860436,2670611.90765987,120.740939853586,24.140539036751,1,,187,0,0,187,0.46337127543001,195.41019941934661
223625.973343776,2670421.73838846,120.740495868633,24.1388211775154,1,,188,0,0,188,0.46514558177093,189.73983362969437
223605.302770805,2670169.55739812,120.740297083809,24.1365438081512,1,,189,0,0,189,0.46743161034188,178.55831631482815
223615.606256447,2670087.12951327,120.740399963723,24.1357997124324,1,,190,0,0,190,0.46818278456634,207.79504246493985
223510.218135094,2670030.03103052,120.739364087417,24.1352823851912,1,,191,0,0,191,0.46934065640504,239.81917143444457
223442.005244318,2669980.42165537,120.738693848868,24.1348332989319,1,,192,0,0,192,0.47014743901616,237.08061586990101
223384.127639951,2669941.14756671,120.738125113467,24.1344777048377,1,,193,0,0,193,0.47081819017407,236.73745343537439
223314.881220445,2669889.47113427,120.73744475275,24.1340099315491,1,,194,0,0,194,0.47164384297911,236.87658525020385
223239.433629138,2669838.82823047,120.736703365202,24.1335513821166,1,,195,0,0,195,0.47251557864963,236.28693061150992
223178.45543883,2669791.28591262,120.736104287948,24.1331210713988,1,,196,0,0,196,0.47325318346925,230.82988417205951
223111.2760766,2669724.10655044,120.735444567171,24.132513343391,1,,197,0,0,197,0.47415015885036,225.84071749605152
223055.465529576,2669662.0948315,120.734896611606,24.1319524670991,1,,198,0,0,198,0.47493427460475,225.84036682804796
223004.82262576,2669611.4519277,120.734399291876,24.1314943300152,1,,199,0,0,199,0.47561045246692,226.84656818308204
222946.945021487,2669551.50726607,120.733830969434,24.1309520786635,1,,200,0,0,200,0.47639596308255,224.85876791278511
222898.369174982,2669495.69671903,120.733354091175,24.1304473132914,1,,201,0,0,201,0.47709036999119,218.78979066145797
222844.625685197,2669409.91384117,120.732826936325,24.1296718275275,1,,202,0,0,202,0.47802806418732,214.32722542887555
222787.781609551,2669319.99684871,120.732269360266,24.1288589581722,1,,203,0,0,203,0.47901378608059,214.45101407475525
222743.339877619,2669249.71690058,120.731833441697,24.1282236103697,1,,204,0,0,204,0.47978430008346,215.26524329454804
222694.764031138,2669177.36989516,120.731356893167,24.1275695256311,1,,205,0,0,205,0.48059357466415,214.85830159617001
222647.221713265,2669099.85524649,120.730890615326,24.1268687969606,1,,206,0,0,206,0.48143526088504,216.78220720691289
222581.075879733,2669014.07236862,120.730241471609,24.1260930871286,1,,207,0,0,207,0.48244675152205,216.26658592534997
222533.53356187,2668933.45713401,120.729775263951,24.1253643588065,1,,208,0,0,208,0.48331184952099,209.44897137968405
222496.326530486,2668851.80837074,120.729410761886,24.1246264771362,1,,209,0,0,209,0.48413485080561,208.94408735547623
222457.052441838,2668782.56195126,120.729025692089,24.1240005433488,1,,210,0,0,210,0.48486974661787,216.22190538475516
222408.476595413,2668721.58376097,120.72854895677,24.1234491025476,1,,211,0,0,211,0.48559869347621,219.62919564014027
222369.202506672,2668667.84027123,120.72816359891,24.1229631476474,1,,212,0,0,212,0.48621889734970,217.14668077698960
222327.861360767,2668605.8285523,120.727758066115,24.1224024989455,1,,213,0,0,213,0.48691083941028,213.92286124804889
222284.453157529,2668530.38096093,120.727332458221,24.1217204959073,1,,214,0,0,214,0.48771474874827,210.80996421806637
222241.044954271,2668447.69866901,120.726906993451,24.120973167146,1,,215,0,0,215,0.48857470255394,208.89286807092259
222203.837922876,2668372.25107764,120.726542401093,24.1202912709124,1,,216,0,0,216,0.48934794899638,205.95347325978344
222165.597362835,2668278.19997059,120.726168002337,24.119441378206,1,,217,0,0,217,0.49027665349228,203.97091346469549
222123.222688227,2668175.88063434,120.725753097209,24.1185167549192,1,,218,0,0,218,0.49129010032744,203.69398201850973
222081.881542273,2668071.4942408,120.725348405326,24.1175734845732,1,,219,0,0,219,0.49231651859782,202.51662139845735
222046.741568292,2667976.4096051,120.725004544469,24.11671431161,1,,220,0,0,220,0.49324194740126,204.01991973427809
222010.568065497,2667896.82789913,120.724650221309,24.1159951006679,1,,221,0,0,221,0.49404370127891,206.40206487983011
221973.361034222,2667816.21266451,120.724285754739,24.1152665384459,1,,222,0,0,222,0.49485834156311,209.87216386832716
221924.785187648,2667735.5974299,120.723809452302,24.1145377731924,1,,223,0,0,223,0.49572895215660,213.69124177832015
221881.376984427,2667666.35101042,120.723383770688,24.1139117513545,1,,224,0,0,224,0.49648599124298,218.16847183098457
221834.868195267,2667610.54046337,120.722927330558,24.1134069900498,1,,225,0,0,225,0.49716652160038,222.44586390438388
221781.124705526,2667547.49521579,120.722399864905,24.1128367735333,1,,226,0,0,226,0.49794328854795,224.33310753548301
221721.180043825,2667484.4499682,120.721811401391,24.1122664441452,1,,227,0,0,227,0.49876277919312,229.29305785928605
221667.436554131,2667440.0082363,120.72128358166,24.1118642012311,1,,228,0,0,228,0.49942640034325,238.39817264117957
221588.888376809,2667398.66709035,120.7205116959,24.1114895066253,1,,229,0,0,229,0.50028442346303,247.74578989917973
221501.038441643,2667366.62770223,120.719648128808,24.1111986290092,1,,230,0,0,230,0.50119566322827,255.84872010091681
221411.121449209,2667350.09124385,120.718763925913,24.1110476903087,1,,231,0,0,231,0.50209265667935,264.84821014847336
221304.667998308,2667349.05771519,120.717716746595,24.1110364272654,1,,232,0,0,232,0.50313989656541,267.70422137003715
221206.482776644,2667341.82301466,120.716751026615,24.1109693153716,1,,233,0,0,233,0.50410794567872,262.24193973480726
221084.526396125,2667314.95126979,120.715551859061,24.1107244527961,1,,234,0,0,234,0.50533185764645,255.21345916996083
220976.005887931,2667276.71070977,120.714485094044,24.1103771750134,1,,235,0,0,235,0.50645372638148,249.35165793651908
220885.05536685,2667234.33603516,120.71359125526,24.1099928855618,1,,236,0,0,236,0.50742667353052,244.85717732076333
220797.205431654,2667185.76018867,120.712728047402,24.109552655796,1,,237,0,0,237,0.50839565756149,239.04595798259987
220716.590197127,2667124.78199838,120.711936263849,24.1090005704406,1,,238,0,0,238,0.50936091371183,233.82566354107817
220630.80731925,2667053.4685216,120.711093862621,24.1083550641464,1,,239,0,0,239,0.51042219510926,230.86593408064044
220549.158555917,2666976.98740159,120.710292241712,24.1076629699502,1,,240,0,0,240,0.51148124678747,230.49335691615528
220457.174506219,2666898.43922426,120.709389004967,24.1069520141175,1,,241,0,0,241,0.51263072267432,233.97576675227921
220343.48635486,2666815.75693234,120.708272364184,24.1062033172739,1,,242,0,0,242,0.51397513094654,235.86744492119624
220226.697617449,2666728.94052584,120.707125321717,24.1054172255708,1,,243,0,0,243,0.51536568716081,237.51404200413501
220123.344752551,2666662.79469231,120.706110031468,24.1048180210497,1,,244,0,0,244,0.51654461054581,236.25339919329315
220044.796575225,2666598.71591607,120.705338702504,24.1042379445872,1,,245,0,0,245,0.51750972042189,239.02184292706977
219952.812525519,2666552.20712687,120.704434853299,24.1038162540343,1,,246,0,0,246,0.51850710014328,248.93143306653153
219844.292017328,2666516.03362416,120.703368133179,24.1034875633242,1,,247,0,0,247,0.51962331221823,254.14278072580501
219712.00035034,2666478.8265928,120.702067614101,24.1031490775156,1,,248,0,0,248,0.52096715838383,252.56746561495331
219608.647485389,2666437.48544684,120.701051845647,24.1027738094245,1,,249,0,0,249,0.52205003034816,245.05686623912968
219506.328149131,2666374.44019925,120.700046705891,24.1022025810055,1,,250,0,0,250,0.52320614791805,241.89919801582369
219409.176456145,2666321.73023816,120.699092188207,24.1017247668462,1,,251,0,0,251,0.52427357959277,241.91421489379599
219315.12534917,2666263.85263382,120.698168285591,24.1012003466226,1,,252,0,0,252,0.52533594140317,240.14368968714544
219195.23602587,2666188.40504245,120.696990610005,24.1005167719795,1,,253,0,0,253,0.52669762935496,238.96928320082927
219080.514345817,2666110.89039378,120.695863821466,24.0998146253228,1,,254,0,0,254,0.52802528229855,237.64870204831087
218970.960309052,2666034.40927376,120.694787853276,24.099121903992,1,,255,0,0,255,0.52930495819052,234.99853045399411
218859.339214935,2665942.42522401,120.693691897627,24.0982891532913,1,,256,0,0,256,0.53068140016656,231.21165881376831
218767.355165199,2665857.67587479,120.692788952337,24.0975221075942,1,,257,0,0,257,0.53186616567014,230.53588826376043
218675.371115405,2665778.09416882,120.691885906209,24.0968017169671,1,,258,0,0,258,0.53302135178682,231.27926150097596
218560.649435393,2665677.84188988,120.690759671017,24.0958942273154,1,,259,0,0,259,0.53446770692170,233.81809236911587
218432.491882907,2665585.85784012,120.689501117766,24.095061117668,1,,260,0,0,260,0.53597702066297,236.84278503266069
218326.038432117,2665511.4437774,120.688455675526,24.0943870781711,1,,261,0,0,261,0.53722091725097,234.49460002161089
218171.009134782,2665379.15211034,120.686933731298,24.093189457815,1,,262,0,0,262,0.53915756609643,230.12366349359587
218037.683939079,2665250.99455787,120.685625198868,24.0920295897978,1,,263,0,0,263,0.54090615150699,228.70437541385044
217927.096373606,2665146.60816433,120.684539802561,24.0910848099416,1,,264,0,0,264,0.54234514216682,229.80972298092067
217768.966490346,2665006.04826807,120.682987621638,24.0898124310475,1,,265,0,0,265,0.54435218318999,232.61231949241619
217624.27247946,2664894.42717399,120.68156697307,24.0888016098557,1,,266,0,0,266,0.54609574329352,235.29197371309317
217463.042010234,2664776.60490801,120.679983844017,24.087734442829,1,,267,0,0,267,0.54800496906894,237.83030874720421
217290.442725866,2664667.05087123,120.678288739632,24.0867416809391,1,,268,0,0,268,0.54996939138765,240.31249029856437
217106.474626405,2664556.46330579,120.676481870449,24.0857393318244,1,,269,0,0,269,0.55203566339152,243.21273602770859
216908.037125755,2664458.27808414,120.674532438585,24.0848486436093,1,,270,0,0,270,0.55417893427654,248.67558733049503
216717.867854323,2664391.09872196,120.672663641409,24.0842380669754,1,,271,0,0,271,0.55614494717320,254.12148450374215
216528.732111568,2664341.48934681,120.67080462182,24.0837861347361,1,,272,0,0,272,0.55805811119682,257.65277900503071
216361.300470445,2664306.34937274,120.669158740061,24.0834652909136,1,,273,0,0,273,0.55973497360117,259.84484776728164
216166.997084491,2664272.24292733,120.667248559446,24.0831531867351,1,,274,0,0,274,0.56167048361197,263.11018558314709
216018.168959052,2664259.84058354,120.66578512761,24.0830380102232,1,,275,0,0,275,0.56313844082105,267.50200522539978
215871.407890933,2664258.8070549,120.66434176071,24.0830255170786,1,,276,0,0,276,0.56458186178789,273.20736986700820
215748.417981631,2664275.34351327,120.663131768308,24.0831721705482,1,,277,0,0,277,0.56580070913318,281.06553340070479
215648.165702763,2664305.31584409,120.66214507972,24.0834406254137,1,,278,0,0,278,0.56682326592183,288.52650152200113
215537.57813725,2664353.89169059,120.661056297651,24.0838768257224,1,,279,0,0,279,0.56799617559501,296.58385659754362
215441.459972917,2664417.97046684,120.660109446694,24.0844533154202,1,,280,0,0,280,0.56910471838025,299.68659500072829
215329.838878824,2664483.08277171,120.659010089458,24.0850387912735,1,,281,0,0,281,0.57035025774416,303.25094430978004
215234.754243118,2664565.76506363,120.658072940218,24.085783267761,1,,282,0,0,282,0.57154712613221,310.58865607929880
215136.569021526,2664664.98381392,120.657104887948,24.0866769828054,1,,283,0,0,283,0.57286464341074,311.59968649839232
215010.478526368,2664782.80607991,120.655861916693,24.0877380509761,1,,284,0,0,284,0.57449891487037,310.99733494368741
214911.259776063,2664878.92424425,120.654883744228,24.0886037323639,1,,285,0,0,285,0.57580514059221,308.98572201100797
214819.275726313,2664953.33830698,120.653977241389,24.0892735952826,1,,286,0,0,286,0.57693228908597,307.18778189789271
214721.090504629,2665037.05412754,120.653009511445,24.0900273026789,1,,287,0,0,287,0.57815890071279,306.65113482608126
214628.072926237,2665109.40113297,120.652092873973,24.0906784669173,1,,288,0,0,288,0.57928328459773,297.47748155397392
214524.720061369,2665149.70875027,120.651075356967,24.0910401002202,1,,289,0,0,289,0.58036315473055,287.77305579033987
214376.925464528,2665196.21753947,120.649620571154,24.0914567178526,1,,290,0,0,290,0.58187642007810,286.53667766882506
214220.862638519,2665248.92750057,120.648084299937,24.0919291265861,1,,291,0,0,291,0.58348368460612,286.98649556259750
214062.732755288,2665301.63746167,120.646527686753,24.0924014727214,1,,292,0,0,292,0.58511038540152,285.18840157196814
213898.401700083,2665345.04566493,120.644910300927,24.0927896728889,1,,293,0,0,293,0.58677370626039,282.32422623887129
213732.003587557,2665381.21916764,120.643272755429,24.093112484148,1,,294,0,0,294,0.58844276658447,281.97114161447308
213587.309576742,2665417.39267034,120.641848677918,24.0934357779936,1,,295,0,0,295,0.58990308013602,281.13715842898773
213452.950852439,2665442.19735792,120.640526535298,24.0936566452089,1,,296,0,0,296,0.59124354402439,278.98818429992372
213327.893885924,2665462.8679309,120.639295982789,24.0938403887012,1,,297,0,0,297,0.59248773900447,277.32160641378050
213198.702804753,2665478.37086063,120.63802489574,24.0939773658432,1,,298,0,0,298,0.59376618533585,276.35342097510608
213061.243494502,2665495.94084767,120.636672428946,24.0941328031856,1,,299,0,0,299,0.59512755493951,277.98622981590717
212937.220056622,2665518.67847794,120.635451979596,24.0943352038111,1,,300,0,0,300,0.59636467361972,278.33787073898549
212834.900720306,2665533.14787902,120.63444521598,24.094463449063,1,,301,0,0,301,0.59737957254166,274.56444552894067
212699.508467322,2665538.31552227,120.633113390314,24.0945069191624,1,,302,0,0,302,0.59871210743982,274.41048409561620
212539.311526697,2665560.01962389,120.631537162531,24.0946991021338,1,,303,0,0,303,0.60030000804034,281.27983315930186
212381.181643417,2665608.5954704,120.629980564667,24.0951339504317,1,,304,0,0,304,0.60191620417711,290.15251227926734
212260.258668704,2665669.57365995,120.628789596935,24.095681655954,1,,305,0,0,305,0.60322707620670,300.10789351575153
212146.570640178,2665758.45712449,120.627669053453,24.0964814897208,1,,306,0,0,306,0.60460379395229,309.12434466150694
212057.68717634,2665848.37411695,120.626792447255,24.0972912428587,1,,307,0,0,307,0.60579716672310,315.47857850632806
211970.870769788,2665954.82756779,120.625935728193,24.0982503526367,1,,308,0,0,308,0.60708319126284,320.85747799684793
211893.3561212,2666069.54924782,120.625170272719,24.0992843377673,1,,309,0,0,309,0.60836967769270,319.52126412599046
211831.344402209,2666138.7956673,120.624558492431,24.0999080852005,1,,310,0,0,310,0.60924336870246,308.05818473852554
211725.924479989,2666207.00855813,120.623519758916,24.1005214470055,1,,311,0,0,311,0.61044967712836,299.78204590050501
211562.62695347,2666306.22730842,120.621910891738,24.1014133544276,1,,312,0,0,312,0.61228922936916,298.03750442621356
211442.737630268,2666373.40667061,120.620729834655,24.1020170127123,1,,313,0,0,313,0.61361561511982,291.41453482798249
211292.875976091,2666419.91545981,120.619254497959,24.1024332876258,1,,314,0,0,314,0.61514855450796,284.36763110170529
211162.651366332,2666452.98837657,120.617972670293,24.1027287151537,1,,315,0,0,315,0.61646398584020,278.62125448145366
211027.259113306,2666464.35719171,120.616640589001,24.1028280325147,1,,316,0,0,316,0.61779976445445,271.72068006815169
210867.06217281,2666462.29013441,120.61506487867,24.1028054080562,1,,317,0,0,317,0.61937563720188,271.28932841039006
210622.11588301,2666478.8265928,120.612655033376,24.102948632767,1,,318,0,0,318,0.62178973489222,275.39974630170536
210414.376565158,2666508.79889451,120.610610800814,24.1032140678097,1,,319,0,0,319,0.62385112823875,279.63351752193756
210200.436194177,2666558.40829877,120.608505024733,24.1036566273612,1,,320,0,0,320,0.62600290700466,283.32552952679276
210015.434566044,2666612.1517885,120.606683777033,24.1041372181608,1,,321,0,0,321,0.62788649684918,284.45717537178717
209892.444656811,2666646.25823392,120.60547304095,24.1044420553063,1,,322,0,0,322,0.62913501899464,284.58583342768259
209745.683588646,2666689.66643718,120.604028214496,24.1048302649209,1,,323,0,0,323,0.63063109057934,284.90555759146793
209553.447259984,2666745.47698422,120.602135711691,24.1053292805637,1,,324,0,0,324,0.63258827822494,285.00821930693661
209398.417962601,2666791.98577342,120.600609447294,24.1057452417094,1,,325,0,0,325,0.63417020953920,285.68055994492471
209219.617506341,2666848.82984911,120.59884905359,24.1062538935497,1,,326,0,0,326,0.63600261579542,286.27513832891412
209063.554680379,2666899.47275291,120.597312484832,24.1067071226134,1,,327,0,0,327,0.63760463331501,286.50565505944917
208886.821281434,2666957.35035725,120.595572369288,24.1072251218397,1,,328,0,0,328,0.63942021181943,287.65843975420933
208703.886710607,2667025.56324808,120.593770946033,24.1078362584983,1,,329,0,0,329,0.64132247724789,288.39245209103660
208426.90103265,2667124.78199837,120.591043451879,24.1087248592617,1,,330,0,0,330,0.64419107196911,286.77118657472693
208230.530589356,2667184.72666001,120.589110057857,24.1092609308877,1,,331,0,0,331,0.64619740824015,284.09890235838003
208039.327789298,2667232.26897786,120.587227840864,24.1096851317098,1,,332,0,0,332,0.64812683487675,279.03207547540671
207862.59439034,2667250.87249355,120.585488787887,24.1098484007708,1,,333,0,0,333,0.64987353520689,274.45297075122170
207642.45278814,2667266.37542329,120.583322817503,24.1099824903737,1,,334,0,0,334,0.65204365219153,273.17993847000366
207368.567696142,2667281.87835302,120.58062817133,24.110115099206,1,,335,0,0,335,0.65474155936161,273.96838990825512
207204.236640998,2667298.4148114,120.579011167724,24.1102599652409,1,,336,0,0,336,0.65636503921400,282.12851158791142
207025.436184714,2667366.62770223,120.577250293599,24.1108710172849,1,,337,0,0,337,0.65822892287021,287.12344774297918
206823.898098138,2667426.57236386,120.575265978315,24.1114067717116,1,,338,0,0,338,0.66028429143830,284.27078873954497
206631.661769444,2667477.21526767,120.573373427339,24.1118587682271,1,,339,0,0,339,0.66223006892994,283.30196907887296
206411.52016721,2667534.05934336,120.571206169938,24.1123659625521,1,,340,0,0,340,0.66445588355048,281.49904165572542
206131.433903421,2667587.8028331,120.568449305739,24.1128434657187,1,,341,0,0,341,0.66725379518056,281.22459829140854
205943.331689251,2667634.31162231,120.566597504703,24.1132581647551,1,,342,0,0,342,0.66915146279249,283.67321615794663
205793.470035191,2667677.71982556,120.565121966587,24.1136459165645,1,,343,0,0,343,0.67067709846276,286.21579855727680
205678.748355095,2667718.02744286,120.563992194387,24.114006645076,1,,344,0,0,344,0.67186306232458,326.31062851266427
